<?xml version="1.0" encoding="UTF-8"?>
<project-private xmlns="http://www.netbeans.org/ns/project-private/1">
    <editor-bookmarks xmlns="http://www.netbeans.org/ns/editor-bookmarks/2" lastBookmarkId="0"/>
    <open-files xmlns="http://www.netbeans.org/ns/projectui-open-files/2">
        <group>
            <file>file:/C:/Users/Ahmed/OneDrive/Desktop/ICS-Year%20One/Semester%20two/Java/Labs%20In%20Home/GUI%20Project/src/gui/project/AddFlightFrame1.java</file>
            <file>file:/C:/Users/Ahmed/OneDrive/Desktop/ICS-Year%20One/Semester%20two/Java/Labs%20In%20Home/GUI%20Project/src/gui/project/CompanyFrame.java</file>
        </group>
    </open-files>
</project-private>
